{
  "Version": "2012-10-17",
  "Statement": [
    {
      "Action": [
        "s3:DeleteObject",
        "s3:DeleteObjectVersion",
        "s3:ListBucketMultipartUploads",
        "s3:ListMultipartUploadParts",
        "s3:PutObject",
        "s3:PutObjectAcl",
        "s3:PutObjectTagging",
        "s3:PutObjectVersionAcl",
        "s3:PutObjectVersionTagging",
        "s3:GetObject",
        "s3:List*"
      ],
      "Effect": "Allow",
      "Resource": "arn:aws:s3:::euc01-timeseries-artifacts-81c79bcf76",
      "Principal": "*" (This needs to go)
      # "Principal":{"AWS":"arn:aws:iam::AccountNumber-WithoutHyphens:root"}

    }
  ]
}
